<?xml version="1.0" encoding="UTF-8"?>
<project-private xmlns="http://www.netbeans.org/ns/project-private/1">
    <editor-bookmarks xmlns="http://www.netbeans.org/ns/editor-bookmarks/2" lastBookmarkId="0"/>
    <open-files xmlns="http://www.netbeans.org/ns/projectui-open-files/2">
        <group name="LoanCalc">
            <file>file:/C:/Users/Mark/Documents/GitHub/CS4337-Project/TheaterJSF/web/TheaterMovieList.xhtml</file>
            <file>file:/C:/Users/Mark/Documents/GitHub/CS4337-Project/TheaterJSF/src/java/entity/Movie.java</file>
            <file>file:/C:/Users/Mark/Documents/GitHub/CS4337-Project/TheaterJSF/web/CheckoutMovie.xhtml</file>
        </group>
        <group>
            <file>file:/G:/Documents/College/Summer%202017/3%20Advanced%20Java%20(CS%204336.0U1)/CS4337-Project/TheaterJSF/src/java/bean/CheckoutBean.java</file>
            <file>file:/G:/Documents/College/Summer%202017/3%20Advanced%20Java%20(CS%204336.0U1)/CS4337-Project/TheaterJSF/web/index.xhtml</file>
            <file>file:/G:/Documents/College/Summer%202017/3%20Advanced%20Java%20(CS%204336.0U1)/CS4337-Project/TheaterJSF/web/assets/css/main.css</file>
            <file>file:/G:/Documents/College/Summer%202017/3%20Advanced%20Java%20(CS%204336.0U1)/CS4337-Project/TheaterJSF/web/CheckoutMovie.xhtml</file>
            <file>file:/G:/Documents/College/Summer%202017/3%20Advanced%20Java%20(CS%204336.0U1)/CS4337-Project/TheaterJSF/web/TheaterMovieList.xhtml</file>
            <file>file:/G:/Documents/College/Summer%202017/3%20Advanced%20Java%20(CS%204336.0U1)/CS4337-Project/TheaterJSF/src/java/entity/Showing.java</file>
            <file>file:/G:/Documents/College/Summer%202017/3%20Advanced%20Java%20(CS%204336.0U1)/CS4337-Project/TheaterJSF/src/java/entity/Movie.java</file>
            <file>file:/G:/Documents/College/Summer%202017/3%20Advanced%20Java%20(CS%204336.0U1)/CS4337-Project/TheaterJSF/web/RecieptPage.xhtml</file>
        </group>
    </open-files>
</project-private>
